button.gb,Button Demo GB,Button Demo GB
button.demo,Button Demo,Button Demo
pong.gb,Pong Demo GB,Pong Demo GB
pong.pong,Pong Demo,Pong Demo
Rockman 1.zip,Rockman 1,洛克人1
Rockman 2.zip,Rockman 2,洛克人2
Rockman 3.zip,Rockman 3,洛克人3
Rockman 4.zip,Rockman 4,洛克人4
Dajingang - Classic Edition.zip,Dajingang-Classic Edition,大金刚-经典版
Galaxy Warrior.zip,Galaxy Warrior,银河战士
Galaxy Warrior 2.zip,Galaxy Warrior 2,银河战士2
Star of Kabi - Scary Dreams 2.zip,Star Of Kabi - Scary Dreams 2,星之卡比-可怕的梦境2
Double dragon 1.zip,Double Dragon 1,双截龙1
Double dragon 2.zip,Double Dragon 2,双截龙2
Ninja Frog VS Double Dragon.zip,Ninja Frog VS Double Dragon,忍者蛙VS双截龙
Super King Kong.zip,Super King Kong,超级大金刚
Super King Kong 2.zip,Super King Kong 2,超级大金刚2
Super King Kong 3.zip,Super King Kong 3,超级大金刚3
Legend of Salda - Dream Island.zip,Legend Of Salda-Dream Islan,萨尔达传说-梦见岛
Castlevania.zip,Castlevania,恶魔城
Castlevania 2.zip,Castlevania 2,恶魔城2
Castlevania - Dark Prelude.zip,Castlevania - Dark Prelude,恶魔城-漆黑的前奏曲
Ada family 3.zip,Ada Family 3,阿达一族3
Ada.zip,Ada,阿达一族
Adventure Island 2.zip,Adventure Island 2,冒险岛2
Adventure Island.zip,Adventure Island,冒险岛
Adventures of Donald Duck 2.zip,Adventures Of Donald Duck 2,唐老鸭历险记2
Adventures of Donald Duck.zip,Adventures Of Donald Duck,唐老鸭历险记
Air combat hero.zip,Air Combat Hero,空战英豪
Air star.zip,Air Star,航空之星
Aladdin.zip,Aladdin,阿拉丁
Altman - Super Fighter.zip,Altman-Super Fighter,奥特曼-超斗士激传
Animal kingdom mobilization.zip,Animal Kingdom Mobilization,动物王国总动员
Arkanoid.zip,Arkanoid,打砖块
Athletics Grand Prix.zip,Athletics-Grand Prix,田径大奖赛
Batman - Animation Series.zip,Batman-Animation Series,蝙蝠侠-动画系列
Batman - Clown Returns.zip,Batman-Clown Returns,蝙蝠侠-小丑归来
Batman.zip,Batman,蝙蝠侠
Battle of Olympus.zip,Battle Of Olympus,奥林匹斯之战
Beidou Shenquan.zip,Beidou Shenquan,北斗神拳
Big wild cat and canary.zip,Big Wild Cat and Canary,大野猫与金丝雀
Biochemical Jianbing - Reloading.zip,Biochemical Jianbing-Reloading,生化尖兵-重装上阵
Black Super SWAT - sequel.zip,Black Super SWAT-sequel,黑超特警组-续作
Bomb jack.zip,Bomb Jack,炸弹人杰克
bomb-man.zip,Bomb-Man,炸弹人
Book of the jungle.zip,Book Of The Jungle,丛林之书
Brainstorming.zip,Brainstorming,头脑风暴
Bunny Adventure 2.zip,Bunny Adventure 2,兔宝宝历险记2
Bunny Adventures 1.zip,Bunny Adventures 1,兔宝宝历险记1
Bunny Adventures 3.zip,Bunny Adventures 3,兔宝宝历险记3
Bunny Rabbit - Crazy Castle 2.zip,Bunny Rabbit-Crazy Castle 2,宾尼兔-疯狂城堡2
Bunny Rabbit.zip,Bunny Rabbit,宾尼兔
Caesar's Palace - the golden of the millennium.zip,Caesar's Palace- the golden Of The Millennium,凯撒的宫殿-千年的黄金
Castle mission.zip,Castle Mission,城堡任务
Cat and mouse 2.zip,Cat And Mouse 2,猫捉老鼠2
Cat and mouse.zip,Cat And Mouse,猫捉老鼠
Chick Ellie Buddha.zip,Chick Ellie Buddha,小鸡艾烈佛
Cool kid.zip,Cool kid,酷小子
Cosmic Cruiser - Interplanetary Attack.zip,Cosmic Cruiser-Interplanetar,宇宙巡航机-星际攻击
Crashing continent.zip,Crashing Continent,崩溃大陆
Crazy off-road motorcycle.zip,Crazy Off-Road Motorcycle,疯狂越野摩托车
Crystal mobilization.zip,Crystal Mobilization,晶兵总动员
Crystal war.zip,Crystal War,水晶战争
Devil City Gaiden - Juvenile Dracula.zip,Devil City Gaiden-Juvenile Dracula,恶魔城外传-少年德古拉
Devil's Village.zip,Devil's Village,魔界村外传
Diablo.zip,Diablo,暗黑破坏神
Ding Ding Tibet Adventures.zip,Ding Ding Tibet Adventures,丁丁西藏历险记
Dinosaur hunter.zip,Dinosaur Hunter,恐龙猎人
Dinosaurs Team - King Kong vs..zip,Dinosaurs Team-King Kong Vs,恐龙战队-金刚对决
Dinosaurs Team - Movie Edition.zip,Dinosaurs Team-Movie Editio,恐龙战队-电影版
Double stupid legend.zip,Double Stupid Legend,双傻传奇
Duffy Duck.zip,Duffy Duck,达菲鸭
Duffy Duck - Marvin Mission.zip,Duffy Duck-Marvin Mission,达菲鸭-马文特派团
Duke of destruction.zip,Duke Of Destruction,毁灭公爵
Earthworm.zip,Earthworm,地球虫
Elevator war.zip,Elevator War,电梯大战
Elite - Free Fight Championship.zip,Elite-Free Fight Championship,精英分子-自由搏击冠军赛
Evil rat.zip,Evil Rat,邪恶臭鼠
Felix cat.zip,Felix Cat,菲利克斯猫
FIFA Football 98.zip,FIFA Football 98,FIFA足球98
FIFA World Cup Football.zip,FIFA World Cup Football,FIFA世界杯足球
Final fantasy.zip,Final Fantasy,最终幻想
Final Fantasy Legend 1.zip,Final Fantasy Legend 1,最终幻想传奇1
Final Fantasy Legend 2.zip,Final Fantasy Legend 2,最终幻想传奇2
Final Fantasy Legend 3.zip,Final Fantasy Legend 3,最终幻想传奇3
Fishing Taro.zip,Fishing Taro,钓鱼太郎
Flying mob.zip,Flying Mob,飞翔暴徒
Forever Batman.zip,Forever Batman,永远的蝙蝠侠
Ghostbusters 2.zip,Ghostbusters 2,捉鬼敢死队2
Ghostbusters - Threesome Edition.zip,Ghostbusters Threesome Edition,捉鬼敢死队-三人版
God of the gods.zip,God Of The Gods,斗神传
Godzilla.zip,Godzilla,哥斯拉
Hamburg Time DX.zip,Hamburg Time Dx,汉堡时光DX
Hot fighting soul.zip,Hot Fighting Soul,热斗侍魂
Hua Mulan.zip,Hua Mulan,花木兰
Hungry Wolf Legend.zip,Hungry Wolf Legend,饿狼传说
International chess.zip,International Chess,国际象棋
In the wind.zip,In The Wind,风中奇缘
Iron Man - Zero Armor.zip,Iron Man-Zero Armor,钢铁侠-零度战甲
James Bond 7.zip,James Bond 7,占士邦007
Jurassic Park 1.zip,Jurassic Park 1,侏罗纪公园1
Jurassic Park 2.zip,Jurassic Park 2,侏罗纪公园2
Knight mission.zip,Knight Mission,骑士任务
Legend of the Dragon.zip,Legend Of The Dragon,龙血传说
Legend of the Holy Ghost 2.zip,Legend of The Holy Ghost 2,圣铠传说2
Lehman.zip,Lehman,雷曼
Little bee.zip,Little Bee,小蜜蜂
Little mermaid.zip,Little Mermaid,小美人鱼
Luo Luo Adventure.zip,Luo Luo Adventure,罗罗大冒险
Master Kung Fu.zip,Master Kung Fu,功夫大师
Mechanical warfare 2.zip,Mechanical Warfare 2,机械战警2
Mickey Mouse.zip,Mickey Mouse,米奇老鼠
Mickey Mouse - Magic Wand.zip,Mickey Mouse-Magic Wand,米奇老鼠-魔法杖
Mickey Mouse Ultimate Challenge.zip,Mickey Mouse Ultimate Challenge,米老鼠终极挑战
Mine king.zip,Mine King,矿王
Mini locomotive world competition.zip,Mini Locomotive World Competition,迷你机车世界大赛
Monopoly.zip,Monopoly,大富翁
Mortal Kombat 1.zip,Mortal Kombat 1,真人快打1
Mortal Kombat 2.zip,Mortal Kombat 2,真人快打2
Mortal Kombat 4.zip,Mortal Kombat 4,真人快打4
Myth of light.zip,Myth Of Light,光之神话
Ninja Dragon Sword.zip,Ninja Dragon Sword,忍者龙剑传
Ninja frog.zip,Ninja Frog,忍者蛙
Ninja Frog - Ragnar Rock World.zip,Ninja Frog-Ragnar Rock Wor,忍者蛙-拉格纳洛克世界
Ninja kid.zip,Ninja Kid,忍者小子
Pinocchio Adventures.zip,Pinocchio Adventures,匹诺曹历险记
Poke the task 97.zip,Poke The Task 97,戳打任务97
Primitive new human.zip,Primitive New Human,原始新人类
Prince of Persia.zip,Prince Of Persia,波斯王子
Prophecy - Viking Junior.zip,Prophecy-Viking Junior,预言-维京少年
Puzzle boy.zip,Puzzle Boy,解谜小子
Raiders of the Lost Ark 3.zip,Raiders Of The Lost Ark 3,夺宝奇兵3
Ranch boy.zip,Ranch boy,牧场男孩
Return to base.zip,Return To Base,返回基地
Revenge Elf.zip,Revenge Elf,复仇精灵
Rogue warrior.zip,Rogue Warrior,无赖战士
Scud Gonzalez.zip,Scud Gonzalez,飞毛腿刚萨雷斯
Send newspaper boy 2.zip,Send Newspaper Boy 2,送报童2
Shadow warrior.zip,Shadow Warrior,影子武士
Shape 3.zip,Shape 3,异形3
Shaped fighter 2.zip,Shaped Fighter 2,异形战机2
Shaped vs. Iron Warrior.zip,Shaped Vs Iron Warrior,异形对铁血战士
Shock wave blasting boy.zip,Shock Wave Blasting Boy,冲击波爆破男孩
Simpson-Bart and bean stalk.zip,Simpson-Bart And Bean Stalk,辛普森-巴特与豆茎
Simpson - fleeing the deadly camp.zip,Simpson-Fleeing The Deadly Camp,辛普森-逃离致命营地
Simpson - Super Happy House.zip,Simpson-Super Happy House,辛普森-超级快乐屋
Smurf 2.zip,Smurfs 2,蓝精灵2
Smurfs 3.zip,Smurfs 3,蓝精灵3
Space mission.zip,Space Mission,太空任务
Space pinball.zip,Space Pinball,太空弹球
Spiderman 2.zip,Spiderman 2,蜘蛛侠2
Spiderman 3.zip,Spiderman 3,蜘蛛侠3
Spiderman and X-Men.zip,Spiderman And X-Men,蜘蛛侠和X战警
Super casino.zip,Super Casino,超级赌场
Super James Bond.zip,Super James Bond,超级詹姆斯邦德
Super original.zip,Super Original,超级猿人
Tecmo Super Bowl Competition.zip,Tecmo Super Bowl Competition,Tecmo超级碗大赛
Teenage Mutant Ninja Turtle 2.zip,Teenage Mutant Ninja Turtle 2,忍者神龟2
Teenage Mutant Ninja Turtle.zip,Teenage Mutant Ninja Turtle,忍者神龟
Teenage Mutant Ninja Turtles 3.zip,Teenage Mutant Ninja Turtles 3,忍者神龟3
Terminator 2 - Judgment Day.zip,Terminator 2-Judgment Day,终结者2-审判日
Terminator II - Arcade Edition.zip,Terminator II-Arcade Edition,终结者II-街机版
Tetris DX.zip,Tetris DX,俄罗斯方块DX
Tetris - enhanced version.zip,Tetris-Enhanced Version,俄罗斯方块-加强版
Tetris - flash.zip,Tetris-Flash,俄罗斯方块-闪光
Tetris party luxury.zip,Tetris Party Luxury,俄罗斯方块聚会豪华
The Battleship.zip,The Battleship,超级战舰
The devil is 1.zip,The Devil Is 1,小鬼当家1
The devil is 2.zip,The Devil Is 2,小鬼当家2
The Flintstones.zip,The Flintstones,摩登原始人
The son of Zeus - Hercules.zip,The Son of Zeus-Hercules,宙斯之子-赫拉克勒斯
Thief Wu Youwei.zip,Thief Wu Youwei,大盗五右卫门
Tinker Bell.zip,Tinker Bell,小叮当
Tony Hawk professional skateboarding.zip,Tony Hawk Professional Skate,托尼霍克职业滑板
Toy Story.zip,Toy Story,玩具总动员
Travel world.zip,Travel World,旅行世界
T Simpson-Bat Wars Hercules.zip,T Simpson-Bat Wars Hercules,辛普森-巴特大战大力士
T Spiderman 1n.zip,Spiderman 1,蜘蛛侠1
Ultimate PC original.zip,Ultimate PC Original,究极PC原人
Underworld Archmage.zip,Underworld Archmage,阴间大法师
Violent basketball.zip,Violent Basketball,暴力篮球
Wario Continental.zip,Wario Continental,瓦里奥大陆
Wario vs. Bomberman.zip,Wario Vs Bomberman,瓦里奥对炸弹人
water scooter.zip,Water Scooter,水上摩托
WCW World Wrestling.zip,WCW World Wrestling,WCW世界摔跤赛
Wei Detective Clearance.zip,Wei Detective Clearance,威探闯通关
Who framed the rabbit Roger.zip,Who Framed The Rabbit Roger,谁陷害了兔子罗杰
Witchcraft Gaiden - Combat Prison 3.zip,Witchcraft Gaiden-Combat Prison 3,巫术外传-战斗监狱3
Witchcraft rumor - battle prison 2.zip,Witchcraft Rumor-Battle Prison 2,巫术外传-战斗监狱2
Wizard and warrior.zip,Wizard And Warrior,巫师与武士
Worms.zip,Worms,百战天虫
WWF Superstar 1.zip,WWF Superstar 1,WWF超级明星1
WWF Superstar 2.zip,WWF Superstar 2,WWF超级明星2
WWF Super Wrestling Overlord.zip,WWF Super Wrestling Overlor,WWF超级摔角霸王
WWF World Wrestling Federation.zip,WWF World Wrestling Federation,WWF世界摔角联盟
Yao West Block.zip,Yao West Block,耀西方块
